,Coef.,Std.Err.,z,P>|z|,[0.025,0.975]
const,10493276297.965935,20743045153.002674,0.505869616566253,0.6129481830016317,-30162345131.607445,51148897727.539314
age,0.41352642429587766,0.0032555541844031966,127.02182205321971,0.0,0.40714565534472874,0.4199071932470266
sex_female,19601066473.713795,48929216153.398254,0.4006004594936159,0.6887143073099065,-76298434978.72223,115500567926.14981
sex_male,19601066475.306835,48929216153.397736,0.40060045952617823,0.6887143072859286,-76298434977.12816,115500567927.74184
chest_pain_type_asymptomatic,-30094342772.103535,44309624802.203995,-0.6791829744991796,0.49702193354225954,-116939611552.90608,56750926008.69902
chest_pain_type_atypical angina,-30094342774.47952,44309624802.19852,-0.6791829745528859,0.49702193350823465,-116939611555.27133,56750926006.31229
chest_pain_type_non-anginal pain,-30094342774.290043,44309624802.1978,-0.6791829745486208,0.4970219335109368,-116939611555.08044,56750926006.50037
chest_pain_type_typical angina,-30094342774.940594,44309624802.19332,-0.6791829745633713,0.49702193350159174,-116939611555.72223,56750926005.841034
